LANDSAT_PRODUCT_ID,SPACECRAFT_ID,DATE_ACQUIRED,SCENE_CENTER_TIME,CLOUD_COVER
LC08_L2SP_147047_20260305_20260313_02_T1,LANDSAT_8,2026-03-05,05:27:44.9248070Z,0
LC09_L2SP_147047_20260313_20260314_02_T1,LANDSAT_9,2026-03-13,05:27:50.1986990Z,0
LC08_L2SP_147047_20260321_20260329_02_T1,LANDSAT_8,2026-03-21,05:27:35.5211110Z,0.07
LC09_L2SP_147047_20260329_20260331_02_T1,LANDSAT_9,2026-03-29,05:27:44.2562760Z,2.68
LC08_L2SP_147047_20260406_20260415_02_T1,LANDSAT_8,2026-04-06,05:27:24.9115620Z,5.71
LC09_L2SP_147047_20260414_20260415_02_T1,LANDSAT_9,2026-04-14,05:27:36.1801740Z,0
LC08_L2SP_147047_20260422_20260501_02_T1,LANDSAT_8,2026-04-22,05:27:20.9022139Z,2.28
LC09_L2SP_147047_20260430_20260501_02_T1,LANDSAT_9,2026-04-30,05:27:31.0813349Z,0.07
LC08_L2SP_147047_20260508_20260515_02_T1,LANDSAT_8,2026-05-08,05:27:06.4849870Z,4.63
LC09_L2SP_147047_20260516_20260517_02_T1,LANDSAT_9,2026-05-16,05:27:14.7953690Z,1.56
