site_group,ring,ring_index,n_px,lst_mean,lst_excess,trees_pct,built_pct,bare_pct,lst_minus_reference,trees_minus_reference_pct,lookalike_excess_p5,lookalike_excess_p50,lookalike_excess_p95,excess_percentile_vs_lookalikes,trees_diff_percentile_vs_lookalikes,n_lookalikes
STT Dighi,0–0.2 km (campus),0,138,43.97,-0.57,3.73,69.18,4.93,-1.1,-8.31,-1.9,-0.0,2.2,34.5,7.0,200
STT Dighi,0.2–0.5 km,1,734,44.76,0.25,18.34,19.31,7.66,-0.31,6.3,-1.59,-0.12,1.75,61.0,91.5,200
STT Dighi,0.5–1 km,2,2617,46.48,1.12,14.85,13.24,7.88,1.41,2.81,-1.23,-0.03,1.24,91.0,82.5,200
STT Dighi,1–2 km,3,10252,44.99,0.45,13.05,30.65,5.78,-0.08,1.01,-0.81,0.0,0.76,84.5,76.0,200
STT Dighi,2–4 km (reference),4,40903,45.07,-0.0,12.04,36.05,6.76,0.0,0.0,-0.0,-0.0,0.0,16.0,0.0,200
Nxtra Hinjewadi,0–0.2 km (campus),0,277,45.17,-1.13,4.15,61.63,5.74,-1.41,-6.97,-1.88,0.2,2.45,16.0,8.5,200
Nxtra Hinjewadi,0.2–0.5 km,1,1021,46.89,-0.27,9.89,34.76,7.25,0.31,-1.23,-1.43,0.16,1.85,38.5,50.0,200
Nxtra Hinjewadi,0.5–1 km,2,3048,46.61,0.4,15.12,28.55,6.83,0.03,4.0,-1.2,0.14,1.48,59.0,91.0,200
Nxtra Hinjewadi,1–2 km,3,11272,46.26,-0.13,10.61,36.4,6.44,-0.32,-0.51,-0.65,0.12,0.94,35.5,55.5,200
Nxtra Hinjewadi,2–4 km (reference),4,36615,46.58,-0.0,11.12,29.52,6.48,0.0,0.0,-0.0,-0.0,0.0,18.5,0.0,200
Hinjewadi Phase 1,0–0.2 km (campus),0,194,46.02,0.33,2.89,67.48,7.32,0.42,-2.64,-2.31,-0.17,2.01,64.0,55.0,200
Hinjewadi Phase 1,0.2–0.5 km,1,809,45.94,0.34,3.47,63.08,5.79,0.34,-2.06,-1.77,-0.11,1.7,67.0,59.5,200
Hinjewadi Phase 1,0.5–1 km,2,2751,46.04,0.22,3.82,59.59,6.49,0.44,-1.71,-1.23,-0.12,1.21,67.5,52.5,200
Hinjewadi Phase 1,1–2 km,3,10673,46.01,0.31,4.05,59.54,5.97,0.41,-1.48,-0.85,-0.1,0.87,78.0,30.0,200
Hinjewadi Phase 1,2–4 km (reference),4,35350,45.6,-0.0,5.53,50.39,6.25,0.0,0.0,-0.0,-0.0,0.0,14.0,0.0,200
