ward_id,ward_name,population,sc_pop,st_pop
1,Kalas - Dhanori - Lohegaon,,,
2,Phulenagar - Nagpur Chawl,,,
3,Vimannagar - Lohegaon,,,
4,Kharadi - Wagholi,,,
5,Kalyaninagar - Vadgaonsheri,,,
6,Yerawada - Gandhinagar,,,
7,Gokhalenagar - Wakdewadi,,,
8,Aundh - Bopodi,,,
9,Sus - Baner - Pashan,,,
10,Bavdhan - Bhusari Colony,,,
11,Rambaug Colony - Shivteerthnagar,,,
12,Shivajinagar - Model Colony,,,
13,Pune Station - Jay Jawannagar,,,
14,Koregaon Park - Ghorpadi - Mundhwa,,,
15,Manjri - Budhruk - Keshavnagar - Sadesatranali,,,
16,Hadapsar - Satavwadi,,,
17,Ramtekdi - Malwadi - Vaiduwadi,,,
18,Wanowrie - Salunkhe Vihar,,,
19,Kondhwa Khurd - Kausurbaug,,,
20,Shankar Maharaj Math - Bibewadi,,,
21,Mukundnagar - Salisbury Park,,,
22,Kashewadi - Dias Plot,,,
23,Rawiwar Peth - Nana Peth,,,
24,Kasba Ganpati - Kamla Nehru Hospital - KEM hospital,,,
25,Shaniwar Peth - Mahatma Phule Mandai,,,
26,Ghorpade Peth - Gurwarpeth - Samta Bhoomi,,,
27,Navi Peth - Parvati,,,
28,Janta Vasahat - Hingane Khurd,,,
29,Deccan Gymkhana - Happy Colony,,,
30,Karvenagar - Hingane Home Colony,,,
31,Mayur Colony - Kothrud,,,
32,Warje - Popularnagar,,,
33,Shivane - Khadakwasla - Dhayari,,,
34,Vadgaon Budhruk - Dhayari,,,
35,Suncity - Manikbaug,,,
36,Sahakarnagar - Padmavati,,,
37,Dhankawadi - Katraj Dairy,,,
38,Balajinagar - Ambegaon - Katraj,,,
39,Upper Super Indiranagar,,,
40,Kondhwa Budhruk - Yeolewadi,,,
41,Mohammadwadi - Undri,,,
