ward_id,ward_name,ndvi_s2_mean,green_pct
1,Kalas - Dhanori - Lohegaon,0.23,12.97
2,Phulenagar - Nagpur Chawl,0.363,37.73
3,Vimannagar - Lohegaon,0.21,9.76
4,Kharadi - Wagholi,0.211,12.65
5,Kalyaninagar - Vadgaonsheri,0.288,28.13
6,Yerawada - Gandhinagar,0.327,34.73
7,Gokhalenagar - Wakdewadi,0.356,36.39
8,Aundh - Bopodi,0.404,47.61
9,Sus - Baner - Pashan,0.292,22.86
10,Bavdhan - Bhusari Colony,0.266,16.9
11,Rambaug Colony - Shivteerthnagar,0.298,22.49
12,Shivajinagar - Model Colony,0.383,45.24
13,Pune Station - Jay Jawannagar,0.343,40.38
14,Koregaon Park - Ghorpadi - Mundhwa,0.307,30.88
15,Manjri - Budhruk - Keshavnagar - Sadesatranali,0.294,26.63
16,Hadapsar - Satavwadi,0.247,19.82
17,Ramtekdi - Malwadi - Vaiduwadi,0.277,22.79
18,Wanowrie - Salunkhe Vihar,0.37,41.22
19,Kondhwa Khurd - Kausurbaug,0.245,16.96
20,Shankar Maharaj Math - Bibewadi,0.284,25.48
21,Mukundnagar - Salisbury Park,0.314,30.57
22,Kashewadi - Dias Plot,0.291,29.2
23,Rawiwar Peth - Nana Peth,0.187,12.18
24,Kasba Ganpati - Kamla Nehru Hospital - KEM hospital,0.297,29.42
25,Shaniwar Peth - Mahatma Phule Mandai,0.237,19.46
26,Ghorpade Peth - Gurwarpeth - Samta Bhoomi,0.244,21.11
27,Navi Peth - Parvati,0.38,44.36
28,Janta Vasahat - Hingane Khurd,0.301,28.59
29,Deccan Gymkhana - Happy Colony,0.388,46.38
30,Karvenagar - Hingane Home Colony,0.271,24.44
31,Mayur Colony - Kothrud,0.337,37.03
32,Warje - Popularnagar,0.267,19.33
33,Shivane - Khadakwasla - Dhayari,0.286,22.25
34,Vadgaon Budhruk - Dhayari,0.257,19.97
35,Suncity - Manikbaug,0.323,30.54
36,Sahakarnagar - Padmavati,0.333,31.65
37,Dhankawadi - Katraj Dairy,0.24,18.59
38,Balajinagar - Ambegaon - Katraj,0.24,10.37
39,Upper Super Indiranagar,0.228,17.02
40,Kondhwa Budhruk - Yeolewadi,0.224,10.79
41,Mohammadwadi - Undri,0.219,10.02
