ward_id,ward_name,city,area_km2,lst_mean,lst_median,lst_std,lst_p90,lst_valid_frac,lst_builtup_mean,lst_ndvi_mean,ndvi_l8_mean,n_obs_mean,tree_frac_wc,built_frac_wc,lst_year
1,Kalas - Dhanori - Lohegaon,pune,23.243,46.501,46.515,3.429,50.863,1.0,44.923,39.002,0.267,10.0,0.096,0.315,2026
2,Phulenagar - Nagpur Chawl,pune,7.079,42.147,42.114,2.555,45.348,0.999,42.389,35.618,0.395,10.0,0.341,0.371,2026
3,Vimannagar - Lohegaon,pune,39.685,47.037,47.301,2.526,50.024,1.0,45.992,39.511,0.245,10.0,0.041,0.328,2026
4,Kharadi - Wagholi,pune,25.9,45.51,45.522,2.651,48.826,1.0,44.838,38.171,0.241,9.992,0.063,0.459,2026
5,Kalyaninagar - Vadgaonsheri,pune,7.426,42.041,42.313,2.45,44.825,1.0,42.445,35.465,0.317,10.0,0.286,0.506,2026
6,Yerawada - Gandhinagar,pune,2.624,42.147,42.473,2.847,45.378,1.0,43.166,35.698,0.36,10.0,0.3,0.528,2026
7,Gokhalenagar - Wakdewadi,pune,10.835,41.381,41.286,2.653,44.809,0.999,41.43,35.211,0.397,10.0,0.392,0.291,2026
8,Aundh - Bopodi,pune,11.062,40.712,40.604,2.275,43.721,1.0,41.472,34.577,0.435,10.0,0.432,0.381,2026
9,Sus - Baner - Pashan,pune,40.397,43.26,43.229,3.114,47.042,1.0,42.535,36.407,0.334,9.98,0.218,0.313,2026
10,Bavdhan - Bhusari Colony,pune,14.984,43.707,43.637,2.523,47.13,0.999,42.373,36.915,0.31,10.0,0.182,0.35,2026
11,Rambaug Colony - Shivteerthnagar,pune,4.41,43.204,43.283,2.655,46.467,1.0,41.931,36.65,0.348,10.0,0.2,0.316,2026
12,Shivajinagar - Model Colony,pune,5.441,40.201,39.995,2.1,42.863,1.0,40.612,34.334,0.397,10.0,0.429,0.48,2026
13,Pune Station - Jay Jawannagar,pune,5.092,40.579,40.758,2.684,43.796,0.999,41.755,34.331,0.372,10.0,0.389,0.491,2026
14,Koregaon Park - Ghorpadi - Mundhwa,pune,10.497,41.764,41.838,2.537,44.991,1.0,42.1,35.483,0.337,10.0,0.327,0.456,2026
15,Manjri - Budhruk - Keshavnagar - Sadesatranali,pune,30.807,43.647,43.639,2.628,46.965,1.0,43.47,37.124,0.324,9.999,0.115,0.303,2026
16,Hadapsar - Satavwadi,pune,4.383,44.051,43.419,3.211,49.87,0.999,43.632,37.075,0.273,10.0,0.139,0.626,2026
17,Ramtekdi - Malwadi - Vaiduwadi,pune,5.863,43.41,43.062,2.403,46.787,0.999,43.103,36.647,0.314,10.0,0.167,0.583,2026
18,Wanowrie - Salunkhe Vihar,pune,7.758,41.338,41.183,2.375,44.461,1.0,41.588,34.755,0.393,10.0,0.403,0.458,2026
19,Kondhwa Khurd - Kausurbaug,pune,4.228,42.501,42.439,1.591,44.68,1.0,42.437,35.708,0.285,10.0,0.203,0.624,2026
20,Shankar Maharaj Math - Bibewadi,pune,3.799,41.27,41.067,1.691,43.637,1.0,41.072,34.812,0.308,10.0,0.171,0.666,2026
21,Mukundnagar - Salisbury Park,pune,5.262,42.132,41.682,2.473,45.705,1.0,41.975,35.15,0.344,10.0,0.226,0.567,2026
22,Kashewadi - Dias Plot,pune,1.248,41.376,41.392,2.165,44.237,0.995,41.798,34.811,0.323,10.0,0.212,0.772,2026
23,Rawiwar Peth - Nana Peth,pune,1.101,42.988,43.016,0.833,44.038,1.0,43.012,36.453,0.223,10.0,0.065,0.916,2026
24,Kasba Ganpati - Kamla Nehru Hospital - KEM hospital,pune,1.527,41.563,41.69,1.216,42.717,0.996,41.749,35.244,0.312,10.0,0.2,0.783,2026
25,Shaniwar Peth - Mahatma Phule Mandai,pune,2.107,41.394,41.528,1.188,42.772,0.998,41.57,35.352,0.27,10.0,0.138,0.817,2026
26,Ghorpade Peth - Gurwarpeth - Samta Bhoomi,pune,1.241,42.702,42.624,1.625,44.715,1.0,42.974,35.979,0.27,10.0,0.147,0.84,2026
27,Navi Peth - Parvati,pune,2.85,40.103,39.915,2.229,43.093,1.0,40.793,33.932,0.389,10.0,0.384,0.548,2026
28,Janta Vasahat - Hingane Khurd,pune,2.72,41.001,40.822,2.339,44.282,0.999,41.407,34.693,0.341,10.0,0.267,0.551,2026
29,Deccan Gymkhana - Happy Colony,pune,5.114,39.639,39.454,1.749,41.885,1.0,39.949,33.712,0.399,10.0,0.394,0.566,2026
30,Karvenagar - Hingane Home Colony,pune,3.072,41.612,41.554,1.819,44.047,1.0,41.725,35.372,0.302,10.0,0.189,0.721,2026
31,Mayur Colony - Kothrud,pune,3.301,40.67,40.233,2.036,43.494,0.998,40.699,34.515,0.358,10.0,0.268,0.661,2026
32,Warje - Popularnagar,pune,8.392,43.619,43.567,2.273,46.457,1.0,43.323,36.994,0.309,10.0,0.187,0.437,2026
33,Shivane - Khadakwasla - Dhayari,pune,58.494,43.406,43.627,4.363,48.234,1.0,42.542,36.701,0.33,9.978,0.248,0.112,2026
34,Vadgaon Budhruk - Dhayari,pune,12.707,42.146,42.051,1.792,44.406,1.0,42.005,36.131,0.295,10.0,0.166,0.511,2026
35,Suncity - Manikbaug,pune,6.61,40.413,40.364,1.953,42.907,0.999,40.954,34.6,0.37,10.0,0.327,0.368,2026
36,Sahakarnagar - Padmavati,pune,4.116,40.909,40.804,1.916,43.479,0.998,40.66,34.635,0.365,10.0,0.266,0.533,2026
37,Dhankawadi - Katraj Dairy,pune,2.543,41.449,41.496,1.256,43.041,0.998,41.49,35.255,0.267,10.0,0.133,0.818,2026
38,Balajinagar - Ambegaon - Katraj,pune,35.303,44.28,44.114,2.95,48.049,1.0,42.736,37.386,0.277,10.0,0.087,0.261,2026
39,Upper Super Indiranagar,pune,1.927,42.346,42.219,2.076,45.195,1.0,42.415,35.833,0.259,10.0,0.103,0.81,2026
40,Kondhwa Budhruk - Yeolewadi,pune,16.307,44.431,44.266,2.487,47.585,1.0,43.045,37.511,0.256,10.0,0.069,0.433,2026
41,Mohammadwadi - Undri,pune,38.487,46.643,46.761,2.739,50.157,1.0,44.793,39.042,0.252,10.0,0.056,0.272,2026
