dc_id,name,operator,status,capacity_mw,locality,local_body,address,lat,lon,approx_lat,approx_lon,approx_source,use_in_analysis,site_group,sources,notes
stt_pune_dighi,STT Pune DC 1-5 (Dighi campus),ST Telemedia GDC India,operational (since 2009),40,Dighi,PCMC,"Alandi Road, VSNL Old Colony, Dighi, Pune 411015",18.603795,73.864527,18.62271,73.87388,Nominatim: Dighi locality (not the campus),yes,STT Dighi,https://www.sttelemediagdc.com/in-en/locations/pune ; https://baxtel.com/data-center/pune,"Campus of ~5 data halls; point = 'STT Pune 1'. 'TCL Food Court' on campus = Tata Communications site. located by Person 1 on Google Maps satellite, 2026-09-27"
nxtra_pune_hinjewadi,Nxtra Pune (Hinjewadi) - likely Nxtra Pune II,Nxtra (Airtel),operational,21 (if Pune II),Hinjewadi,PMRDA (outside PMC/PCMC),,18.59624,73.68960,18.59624,73.68960,"OSM way 1459777999 (telecom=data_center); OSM node 10721342816 'Nxtra Data Centre' at 18.59285,73.69084",yes,Nxtra Hinjewadi,https://www.nxtra.in/data-center-pune ; https://www.openstreetmap.org/way/1459777999,"OSM building (telecom=data_center) confirmed on satellite view. located by Person 1 on Google Maps satellite, 2026-09-27"
nxtra_pune_1,Nxtra Pune I,Nxtra (Airtel),operational,3,Hinjewadi,PMRDA (outside PMC/PCMC),"Plot No. 3/1, E Park, Pune 411014",18.593010,73.691040,18.55128,73.94166,Nominatim: Kharadi suburb centroid,yes,Nxtra Hinjewadi,https://www.datacentermap.com/india/pune/nxtra-pune-i/ ; https://www.nxtra.in/data-center-pune,"Google Maps 'Nxtra' pin is in Hinjewadi, 390 m from nxtra_pune_hinjewadi — likely the same campus; listing address (PIN 411014) suggested Kharadi. located by Person 1 on Google Maps satellite, 2026-09-27"
nxtra_pune_3,Nxtra Pune III,Nxtra (Airtel),under construction,40,unknown,unknown,,,,,,,exclude (not operational),,https://baxtel.com/data-center/pune,
iron_mountain_pun1,Iron Mountain PUN-1 (ex-Web Werks),Iron Mountain / Web Werks,operational,1.6,Hinjewadi Phase 1,PMRDA (outside PMC/PCMC),"Plot No 9, S. No. 235/245, India Land Global Industrial Park, Hinjewadi Phase 1, 411057",18.591291,73.727962,,,,yes,Hinjewadi Phase 1,https://www.ironmountain.com/data-centers/locations/apac/pune-data-center,"120 m from Silvernox. located by Person 1 on Google Maps satellite, 2026-09-27"
silvernox_pune,Silvernox Datacenter Pune,Silvernox,operational,4,Hinjewadi Phase 1,PMRDA (outside PMC/PCMC),"GAT No. 236, Plot No. 4, Hinjawadi Phase 1 Rd, Mulshi 411057",18.591727,73.728991,,,,yes,Hinjewadi Phase 1,https://www.datacentermap.com/india/pune/silvernox-dc/,"120 m from Iron Mountain. located by Person 1 on Google Maps satellite, 2026-09-27"
microsoft_pimpri,Microsoft Pune - Pimpri,Microsoft,construction / partly operational,,Pimpri (Morwadi),PCMC,"Morwadi Rd, Telco Quality Aid Centre, Pimpri-Chinchwad 411018",18.619553,73.836685,18.63934,73.80571,Nominatim: Morwadi locality,no - construction pad in Mar-May 2026 imagery,,https://www.datacentermap.com/india/pune/microsoft-pune-pimpri/ ; https://local.microsoft.com/blog/chinchwad-datacenter-construction-overview/,"Located in the Pimpri-Bhosari MIDC area; operating status in Mar-May 2026 to be checked on satellite imagery. located by Person 1 on Google Maps satellite, 2026-09-27 | Sentinel-2 (data/qa/datacentre_sites_s2.png): vegetated plot in 2022, bare graded pad in 2026 -> construction, not operating during the LST season. Candidate for a later before/after study."
microsoft_bhosari,Microsoft Pune - Bhosari,Microsoft,under construction,,MIDC Bhosari,PCMC,"Mukta Park, 81/B/54, MIDC Bhosari 411026",,,18.63837,73.83224,Nominatim: MIDC Bhosari industrial area,exclude (not operational),,https://baxtel.com/data-center/microsoft-pune-bhosari,
microsoft_hinjewadi_land,Microsoft Hinjewadi land parcel,Microsoft,planned (16.4 acres bought Aug 2024),,Hinjewadi,PMRDA (outside PMC/PCMC),,,,,,,exclude (not operational),,https://www.business-standard.com/companies/news/microsoft-acquires-rs-520-cr-land-in-pune-for-data-centre-expansion-plans-124091100740_1.html,
adaniconnex_pune,AdaniConneX Pune,AdaniConneX,construction / planned,70-86 (sources differ),Pimpri industrial zone,PCMC,25-acre parcel; exact site not public,,,,,,exclude until located,,https://www.datacentermap.com/india/pune/adaniconnex-pune/,
nes_data_hinjewadi,NES Data Pune (TCC Concept campus),NES Data / TCC Concept,listed operational (Baxtel); 60 MW campus planned,up to 60 (planned),"Rajiv Gandhi Infotech Park, Hinjewadi",PMRDA (outside PMC/PCMC),,,,,,,no - same facility as silvernox_pune,,https://www.constructionworld.in/policy-updates-and-economic-news/tcc-concept-plans-60-mw-data-centre-campus-in-pune/95832 ; https://baxtel.com/data-center/pune,Person 1: NES Data and Silvernox are the same site.
nes_data_talegaon,NES Data Talegaon,NES Data,under construction,10,Talegaon,outside PMC/PCMC,,,,,,,exclude (not operational),,https://baxtel.com/data-center/pune,
tata_comm_pune,Tata Communications Pune ('Tata Jade IDC'),Tata Communications,listed operational,,unknown,unknown,,18.606895,73.868956,,,,no - not a separate data centre,,https://baxtel.com/data-center/pune,"Located 580 m NE of STT Pune 1, on/near the same Dighi campus. located by Person 1 on Google Maps satellite, 2026-09-27 | Sentinel-2: small vegetated building group, no data-hall signature; likely the Tata Communications office beside the STT campus (lies in STT's 0.5-1 km ring anyway)."
net4_pune,Net4 Pune,Net4,listed operational,,unknown,unknown,,,,,,,no - not found,,https://baxtel.com/data-center/pune,Person 1: no such facility found.
nicsi_pune,NICSI Pune,NICSI,listed operational,,unknown,unknown,,,,,,,no - not found,,https://baxtel.com/data-center/pune,Person 1: no such facility found.
